醫事機構名稱, 地址, 電話
傑出診所, 臺中市西屯區逢甲里河南路2段352號, 04-24515602
偕安診所, 臺中市西屯區福科路417號1樓, 04-24616766
龍井東海小兒科診所, 臺中市龍井區新東里新興路96–23號, 04-26521838
江萬洲內小兒科診所, 臺中市大里區西榮里中興路二段651號, 04-24851908
戴啟訓診所, 臺中市大里區益民路2段113號1樓, 04-24873300
佳恩聯合診所, 臺中市太平區中山路二段372號之1, 04-23926762
呂其嘉婦產科診所, 臺中市太平區中平里中平路151－5號, 04-22750158
符乾龍小兒科診所, 臺中市北屯區大鵬路64號1樓, 04-22959123
小蘋果小兒科診所, 臺中市北屯區山西路2段264號1樓, 04-22951800
祐華親子診所, 臺中市北區北平路2段194號1樓, 04-22925668
永旭診所, 臺中市北區民權路353號1樓, 04-22066767
許文俊小兒科診所, 臺中市北區進化北路265號一樓, 04-22350366
小太陽聯合診所, 臺中市北區漢口路三段179號1樓, 04-22955656
吳志中診所, 臺中市北區賴村里健行路510號, 04-22059412
慈仁診所, 臺中市平等里五權路488之8號6樓, 04-22057398
劉彥山診所, 臺中市西區向上路一段361號, 04-24726518
祐幼診所, 臺中市東區立德里臺中路121號, 04-22235114
魏文宏診所, 臺中市大里區中興路二段229號, 04-24862592
朝陽診所, 臺中市大里區成功路543號1．2樓, 04-24965000
楊文澤小兒科診所, 臺中市大里區塗城路864號, 04-24930319
合康診所, 臺中市霧峰區中正路892號1樓, 04-23330268
文貴旺診所, 臺中市太平區太平路326號1樓, 04-22794321
正安診所, 臺中市太平區新光里樹德路69巷4號, 04-23959822
朱博欣小兒科診所, 臺中市沙鹿區中山路487之2號1樓, 04-26630086
孫皓雲診所, 臺中市沙鹿區北勢東路329號1樓, 04-26652230
蔡神經科診所, 臺中市清水區中山路134－2號1－3樓, 04-26222050
林澤民小兒科診所, 臺中市清水區中山路242–1號, 04-26233935
明哲診所, 臺中市清水區北寧里中山路449－1號, 04-26227661
清水回生家庭醫學科診所, 臺中市清水區南寧里中山路134號, 04-26222050
錫欽診所, 臺中市大甲區孟春里通天路178號, 04-26815785
廖奇峰診所, 臺中市西區民生路420號1樓, 04-23029199
晉強診所, 臺中市西區向上路一段456號1樓, 04-23207570
王道文聯合門診王道文小兒科診所, 臺中市西區忠誠里太原路一段38號1樓, 04-23147939
維信華信聯合門診維信小兒科診所, 臺中市南屯區大墩路471號1樓, 04-23206921
姚耳鼻喉科診所, 臺中市南屯區忠勇路25－6號1樓, 04-23850089
張小兒科內科診所, 臺中市豐原區下街里三民路209號, 04-25223968
佳幼診所, 臺中市豐原區中正路264號, 04-25296336
林永祥小兒科診所, 臺中市豐原區中正路89號1樓, 04-25250995
明義內小兒科診所, 臺中市豐原區富春里富春街100號, 04-25222529
呂岡原聯合診所, 臺中市豐原區豐榮里三民路174號, 04-25228302
臺中市大雅區衛生所, 臺中市大雅區中清東路232號, 04-25661091
臺中市南屯區衛生所, 臺中市南屯區向心南路811號1樓, 04-23827640
黃啟文診所, 臺中市太平區中興東路161號1樓, 04-22792266
欣揚診所, 臺中市北區漢口路4段306號1樓、308號1樓, 04-22373880
惠生小兒科診所, 臺中市西區五權路二○一號一樓, 04-22028696
蔡明哲小兒科診所, 臺中市霧峰區中正里中正路1102號, 04-23338728
家安小兒科診所, 臺中市沙鹿區中山路388－2號1樓, 04-26623790
李岡燦耳鼻喉科診所, 臺中市大肚區沙田路三段61號1樓, 04-26990460
李昭儀兒科診所, 臺中市沙鹿區光華路113之1號1樓、2樓及113之2號1樓, 04-26366855
沙鹿李小兒科診所, 臺中市沙鹿區沙鹿里沙田路172號, 04-26657022
平安內小兒科診所, 臺中市龍井區中央路一段259號, 04-26392148
和德耳鼻喉科診所, 臺中市西屯區西屯路二段100之18號1樓, 04-23151156
杏鴻耳鼻喉科診所, 臺中市北屯區松竹路2段206號1樓, 04-22466662
臺中市中西區衛生所, 臺中市西區民權路105號, 04-22223811
臺中市豐原區衛生所, 臺中市豐原區西勢里中興路136號, 04-25261170
世民小兒科診所, 臺中市上石里河南路二段411．413號1Ｆ, 04-27083456
臺中市大甲區衛生所, 臺中市大甲區德興路81號, 04-26872153
全生內兒科診所, 臺中市中區柳原里公園路30－1號, 04-22201528
周小兒科診所, 臺中市北區文莊里篤行路285號, 04-22013296
臺中市外埔區衛生所, 臺中市外埔區甲后路三段1062號, 04-26833208
建康耳鼻喉科診所, 臺中市東勢區豐勢路504號1Ｆ, 04-25879780
康普頓診所, 臺中市南屯區向上路1段658號1樓、2樓, 04-23226766
宏宇診所, 臺中市南屯區南屯路二段28號1樓, 04-24717800
明道診所, 臺中市烏日區烏日里三民街149號, 04-23372295
臺中市潭子區衛生所, 臺中市潭子區中山路2段241巷5號, 04-25324643
李正智診所, 臺中市太平區中平里太平路232號, 04-22784900
馮少雄小兒科診所, 臺中市太平區中平路121號, 04-22783060
宜欣診所, 臺中市太平區宜佳街10號1Ｆ, 04-22765683
福安耳鼻喉科診所, 臺中市西屯區西屯路3段153之2號, 04-24650233
溢恩診所, 臺中市西屯區西屯路3段166－12號1樓、2樓, 04-24616186
永群診所, 臺中市西屯區西屯路三段166－27號1樓, 04-24651235
新文心診所, 臺中市西屯區西平里逢甲路112號1Ｆ, 04-27062660
鴻仁診所, 臺中市西屯區西安里西屯路二段298–8號, 04-27021345
博民診所, 臺中市北屯區北屯里進化北路6號, 04-22311919
劉錦理小兒科診所, 臺中市北屯區四民里后庄路1102號, 04-24227074
幼祥中西醫聯合診所幼祥小兒科診所, 臺中市北區崇德路一段531號1樓, 04-22328500
蔡崇仁家庭醫學科診所, 臺中市北區賴村里健行路528號, 04-22051368
陳俊宏小兒科診所, 臺中市西屯區青海路1段3之3號1樓, 04-23146466
朝煌診所, 臺中市東區東明里精武路117號, 04-22113446
復興家庭醫學科診所, 臺中市南區復興里復興路三段235號, 04-22200482
蔡醫師小兒科診所, 臺中市太平區宜昌里13鄰宜昌路556號1樓, 04-22770206
元亨診所, 臺中市北屯區松竹路2段303號1、2樓, 04-22413959
安康診所, 臺中市和平區南勢里東關路3段151－9號, 04-25942206
易昇診所, 臺中市大肚區遊園路二段188號, 04-26916066
明德醫院, 臺中市梧棲區中正里仁美街33巷50號, 04-26579595
全家診所, 臺中市龍井區臺灣大道五段109巷25號、27號1樓, 04-26330053
嘉佑診所, 臺中市清水區橋頭里高美路117–3號, 04-26275066
快樂診所, 臺中市西屯區上安里青海路2段307號1樓、305號1樓, 04-27060207
蘇晉暉診所, 臺中市南屯區向心路35號, 04-23832676
一民診所, 臺中市東勢區三民街48號1樓, 04-25875170
王思博耳鼻喉科診所, 臺中市豐原區中正路272號1樓及2樓, 04-25155166
陳永忠小兒科診所, 臺中市西屯區西屯路三段159–68號, 04-24619339
臺中市西屯區衛生所, 臺中市西屯區西安里西屯路二段299號, 04-27027068
何茂霖小兒科診所, 臺中市西屯區福星路二之1號1樓, 04-24528833
理想家小兒科診所, 臺中市西屯區福雅路73號1樓, 04-24618096
臺中市龍井區衛生所, 臺中市龍井區沙田路四段243號, 04-26352228
臺中市沙鹿區衛生所, 臺中市沙鹿區洛泉里文昌街20號, 04-26625040
臺中市清水區衛生所, 臺中市清水區鎮政路101號1樓, 04-26222639
佛教慈濟醫療財團法人台中慈濟醫院, 臺中市潭子區豐興路1段66、88號, 04-36060666
衛生福利部豐原醫院, 臺中市豐原區安康路100號, 04-25271180
蔡振昌耳鼻喉科診所, 臺中市大肚區文昌路1段38號1樓, 04-26995566
小林診所, 臺中市大肚區頂街里沙田路二段723號, 04-26998489
大肚天佑內小兒科診所, 臺中市大肚區福山里沙田路一段510號, 04-26930035
楊醫師小兒科診所, 臺中市北屯區昌平路1段356之1號1樓, 04-22430092
臺中市北區衛生所, 臺中市北區永興街301號4樓, 04-22359182
奇譽耳鼻喉科診所, 臺中市西屯區西屯路2段255號1樓, 04-24523939
懷生小兒科診所, 臺中市西屯區忠義街102號1樓, 04-23176257
東勢潘耳鼻喉科診所, 臺中市東勢區中寧里豐勢路496號1樓, 04-25880587
林錦芳診所, 臺中市東勢區豐勢路283號1樓, 04-25771838
李漢亮小兒科診所, 臺中市南屯區春社里忠勇路41–3號, 04-23851435
大安診所, 臺中市豐原區中正路293號, 04-25157227
德祐診所, 臺中市太平區興隆里光興路1076號, 04-22730849
勤益診所, 臺中市太平區中山路一段319號1樓, 04-23933999
耀仁診所, 臺中市太平區樹孝路39－7號1樓、2樓, 04-23939815
方德涵診所, 臺中市北屯區太順路82號1樓, 04-24369555
國軍臺中總醫院中清分院附設民眾診療服務處, 臺中市北區忠明路500號, 04-22037320
黃小兒科診所, 臺中市太平區太平里太平路393號, 04-22770235
卍安診所, 臺中市太平區樹孝路293號, 04-23910383
良安診所, 臺中市大甲區日南里幼四路43號, 04-26819816
李婦產科診所, 臺中市大甲區朝陽里民生路22之2號, 04-26883771
江啟鋒診所, 臺中市中區中墩里三民路2段151號, 04-22268703
張小兒科診所, 臺中市中區市府路16號, 04-22223237
林士璁小兒科診所, 臺中市北屯區大連路2段231號1樓, 04-22410390
駿朋診所, 臺中市北屯區中清路二段616號1樓, 04-22951778
潘奇威診所, 臺中市北屯區昌平路一段372號, 04-22450888
廖志明診所, 臺中市北屯區東光里北屯路256號, 04-22439438
施永泰小兒科診所, 臺中市北區建興里梅亭街200號, 04-22363426
曾曉鐘小兒科診所, 臺中市西屯區河南路2段496號1樓, 04-27036888
上安診所, 臺中市西屯區青海路2段313號1樓, 04-27086880
東榮診所, 臺中市西屯區福安里中工3路78號1樓, 04-23583769
蔡小兒科診所, 臺中市西區安龍里五權路2－62號, 04-23726497
蔡嘉恩外婦科診所, 臺中市西區和龍里日新街80號, 04-22016422
小太陽小兒科診所, 臺中市沙鹿區興仁里鎮南路二段631號, 04-26365757
福仁診所, 臺中市東區福仁街146號1．2樓, 04-22110315
主悅診所, 臺中市南屯區干城街269號1樓, 04-22540711
先進診所, 臺中市南屯區永春東路878號1樓, 04-23862433
加寧診所, 臺中市南屯區河南路四段393號1、2樓, 04-22587087
嘉光診所, 臺中市南屯區黎明路1段993號1樓, 04-23810767
祈安聯合診所, 臺中市神岡區社南里民生路27號, 04-25625470
張瑞林小兒科診所, 臺中市梧棲區中興路128巷5號, 04-26576413
林新診所, 臺中市新社區興社街4段73號之1號, 04-25811266
忠和診所, 臺中市龍井區三德里中央路二段156號, 04-26398542
哲民診所, 臺中市龍井區遊園南路193號, 04-26328421
蘇內兒科診所, 臺中市豐原區中山里府前街38號, 04-25266788
林政光小兒科診所, 臺中市豐原區中山里府前街96號, 04-25263342
成功診所, 臺中市豐原區成功路265號1樓, 04-25250073
中新診所, 臺中市豐原區頂街里中正路136號, 04-25227308
豐原惠生小兒科診所, 臺中市豐原區圓環北路一段319－1號1樓, 04-25289981
劉暄峰小兒科診所, 臺中市霧峰區甲寅里中正路1141號, 04-23332418
愛生家庭醫學科診所, 臺中市大雅區三和里學府路417號, 04-25601402
洪錫欽診所, 臺中市太平區樹德路97－5號1樓, 04-23928366
惠幼診所, 臺中市北屯區中清路2段490號1樓, 04-22919222
優幼診所, 臺中市北屯區北屯路435-16號1樓, 04-22493636
楊進順診所, 臺中市北屯區昌平路1段338號, 04-22492266
陳憲立小兒科診所, 臺中市北屯區昌平路1段42號1樓, 04-22335878
吉祥耳鼻喉科診所, 臺中市北屯區崇德路二段461．463號一樓, 04-22467388
景新診所, 臺中市北區中清路1段221號1樓, 04-22057033
現代診所, 臺中市北區進化北路163號, 04-22387387
巧比小兒科診所, 臺中市北區賴興里北平路二段43號, 04-22957373
佳慶診所, 臺中市西區東興路三段272－1號1樓, 04-23208989
林輝雲診所, 臺中市大里區金城里塗城路713巷16號, 04-24936567
源美內兒科診所, 臺中市神岡區神岡里神岡路45之1號, 04-25626065
廖力毅診所, 臺中市新社區新社里興安路102號, 04-25820290
見安診所, 臺中市大甲區順天路391號, 04-26889595
生和診所, 臺中市后里區甲后路一段489號1樓, 04-25562163
張德旺耳鼻喉科診所, 臺中市東勢區豐勢路553、559、561號1樓, 04-25872206
興安診所, 臺中市新社區新社里興安路49－2、49－3號, 04-25816740
林大丕小兒科診所, 臺中市豐原區三民路130號1樓, 04-25282345
宏光診所, 臺中市大甲區鎮政路3號1樓, 04-26882002
王登源診所, 臺中市大甲區南陽里中山路一段576號, 04-26882620
力倫診所, 臺中市大甲區蔣公路246號1樓, 04-26805889
亞洲大學附屬醫院, 臺中市霧峰區福新路222號, 04-37061668
新勝診所, 臺中市太平區中平九街38號1樓, 04-22785988
佑家親子診所, 臺中市西屯區青海路2段242－31號1樓, 04-27086866
家興診所, 臺中市潭子區中山路1段37號1樓, 04-25319968
廖耳鼻喉科診所, 臺中市大雅區大雅里民興街25號, 04-25694118
雅林診所, 臺中市大雅區四德里神林南路633號, 04-25687742
福茂聯合門診福茂小兒科診所, 臺中市西屯區西屯路2段273之1號1．2樓, 04-24518758
林婦產科診所, 臺中市西屯區河南路二段418、420號, 04-24514236
沛然診所, 臺中市大里區大明路189號1樓, 04-24872121
緻為耳鼻喉科診所, 臺中市大雅區雅環路一段338號1樓, 04-25668655
全佑外科婦產科診所, 臺中市中區市府路141號, 04-22282940
蘇益寬小兒科診所, 臺中市北屯區大連路一段4號1樓, 04-22956686
曾耳鼻喉科診所, 臺中市北屯區中清路2段326號1樓, 04-22956969
劉昌興小兒科診所, 臺中市北屯區四民里四平路352號, 04-24221656
寶存家庭醫學科診所, 臺中市北屯區平安里青島路四段130號, 04-22375851
愛兒診所, 臺中市北屯區昌平路2段1之2號1樓, 04-22472837
曾文星耳鼻喉科診所, 臺中市北屯區昌平路二段11－37號1樓, 04-22417898
承康診所, 臺中市北屯區東山路一段300－1號1、2樓, 04-24377838
王榮森小兒科診所, 臺中市北屯區松竹里昌平路二段11－9號, 04-22451674
莊雅旭小兒科診所, 臺中市北屯區松竹路2段155號1樓, 04-22411723
康康診所, 臺中市北屯區舊社里北屯路428–3號, 04-22461925
王秉菴小兒科診所, 臺中市北屯區舊社里崇德路二段297號, 04-22427966
祥祐診所, 臺中市北區三民路三段348號, 04-22315688
康暉耳鼻喉科診所, 臺中市北區中清路1段798號1樓, 04-22966161
呂錦泉小兒科診所, 臺中市北區建興里崇德路一段119號, 04-22334393
蔡芬苓小兒科診所, 臺中市西區太原路一段212之1號1Ｆ, 04-23131531
家妍診所, 臺中市西區忠明里美村路一段65號1–4樓, 04-23282888
黃純義內小兒科診所, 臺中市東區新庄里復興路4段49號, 04-22270855
黃敬棟診所, 臺中市大里區爽文路752號2樓, 04-24079975
忠三內小兒科診所, 臺中市霧峰區民權街52號, 04-23391416
承安耳鼻喉科診所, 臺中市北屯區北屯路441號1樓, 04-22425252
和生診所, 臺中市北屯區興安路1段320號1樓, 04-22474788
紀外科泌尿科診所, 臺中市北區梅亭街479號, 04-22050357
崇祐診所, 臺中市龍井區新東里新興路45之2號, 04-26321081
晨安診所, 臺中市沙鹿區北勢東路695號1樓, 04-26520606
高銘診所, 臺中市沙鹿區臺灣大道7段791號1樓, 04-26620286
明生診所, 臺中市梧棲區中央路一段931號1樓, 04-26561456
啟恩診所, 臺中市梧棲區中正里中和街81號, 04-26562268
安心診所, 臺中市梧棲區港埠路一段1115號1樓, 04-26562059
楊超博診所, 臺中市清水區中山路151－8號1樓, 04-26229595
楊外科婦產科診所, 臺中市清水區光華路110號, 04-26237126
魏嘉慶家庭醫學科診所, 臺中市龍井區臺灣大道五段109巷23號、29號1樓, 04-26330053
小熊的森林診所, 臺中市大甲區三民路一三二號一、二樓, 04-26805060
琉璃光診所, 臺中市大甲區岷山里順天路342號, 04-26873051
大元診所, 臺中市大甲區順天路136號1樓, 04-26802250
林玉彪診所, 臺中市清水區南寧里光華路135號, 04-26233880
東平診所, 臺中市中區臺灣大道1段555號1樓, 04-22224171
樂恩診所, 臺中市西區五權路29－8號1樓、2樓, 04-22221256
李宜瑞診所, 臺中市南區城隍里忠孝路101號, 04-22862716
許躍騰診所, 臺中市豐原區下街里中正路222號, 04-25222010
臺中市石岡區衛生所, 臺中市石岡區石岡街6號, 04-25721887
基成內兒科診所, 臺中市豐原區西勢里中山路369號, 04-25232730
許慶芳耳鼻喉科診所, 臺中市豐原區胡蘆里中山路506號, 04-25292857
謝錦松內小兒科診所, 臺中市豐原區豐西里中正路394號, 04-25241310
陳成福診所, 臺中市豐原區豐榮里和平街47號, 04-25120612
澄清綜合醫院中港分院, 臺中市西屯區臺灣大道4段966號, 04-24632000
吳耳鼻喉科診所, 臺中市大雅區大雅里學府路333號, 04-25683001
大中小兒科診所, 臺中市大雅區雅潭路四段711號, 04-25607116
崇芳小兒科家庭醫學科聯合診所, 臺中市西屯區福科路419號1．2樓, 04-24652525
林聖凱婦幼診所, 臺中市西屯區福科路702號1至3樓, 04-24623700
瑞健診所, 臺中市北屯區平田里興安路一段341號1至3樓, 04-22416859
蘇游耳鼻喉科診所, 臺中市北屯區昌平路一段99–3號, 04-22462420
幼恩小兒科診所, 臺中市北屯區東山路一段298之2號1、2樓, 04-24376238
和興診所, 臺中市北區健行路870-1號1樓, 04-22035185
謝佳璋小兒科診所, 臺中市北區漢口路4段357號1至4樓, 04-22355918
鄭俊智診所, 臺中市北區漢口路4段50號, 04-22957083
弘安家庭醫學科診所, 臺中市北區賴明里天津路2段166號, 04-22978068
佑佑診所, 臺中市東區十甲路501號1樓。, 04-22125628
平奚診所, 臺中市霧峰區四德路408號, 04-23332684
江宗龍小兒科診所, 臺中市大里區益民路2段323號, 04-24821555
金寶貝診所, 臺中市霧峰區中正路882號1樓, 04-23303008
童綜合醫療社團法人童綜合醫院, 臺中市梧棲區臺灣大道八段699號, 04-26581919
林釗尚小兒科診所, 臺中市大雅區大雅路149號1樓及151號1樓、2樓, 04-25600313
欣民診所, 臺中市大肚區沙田路2段625號1樓, 04-26993299
臺中市大肚區衛生所, 臺中市大肚區頂街里榮華街1號, 04-26996311
得吉診所, 臺中市沙鹿區北勢東路695號1樓, 04-26520606
陳振昆診所, 臺中市清水區清水里中山路127號, 04-26225205
萬安診所, 臺中市清水區南寧里中山路126–2號, 04-26227823
順風耳鼻喉科診所, 臺中市清水區鎮南街41、43號1樓, 04-26226161
澄清綜合醫院, 臺中市中區平等街139號, 04-24632000
臺中榮民總醫院, 臺中市西屯區臺灣大道4段 1650號, 04-23592525
中國醫藥大學附設醫院, 臺中市北區育德路2號, 04-22052121
衛生福利部臺中醫院, 臺中市西區三民路一段199號, 04-22294411
林士新婦產科診所, 臺中市東區朱文里復興路四段207號, 04-22238148
莊婦產科診所, 臺中市豐原區三民路87號, 04-25271889
國泰診所, 臺中市后里區甲后路一段255號1樓, 04-25577378
吳志修耳鼻喉科診所, 臺中市豐原區中山路345、347號1樓, 04-25120295
元吉診所, 臺中市大甲區文武路65號, 04-26872012
弘鑫耳鼻喉科診所, 臺中市太平區樹孝路202號1樓, 04-23933595
明陽診所, 臺中市北屯區昌平路二段46-1號1樓, 04-24227333
王佑賢小兒科診所, 臺中市北屯區興安路2段419號1樓, 04-22474792
展弘耳鼻喉科診所, 臺中市北區漢口路四段322號1樓、2樓, 04-22307388
安家小兒科診所, 臺中市西屯區大福里大鵬路9號1樓, 04-22952020
佑兒診所, 臺中市西屯區大墩路887號1樓, 04-23205177
吳東洀小兒科診所, 臺中市西區美村路一段362號一樓, 04-23029672
蕭英宗耳鼻喉科診所, 臺中市沙鹿區中山路348號, 04-26631879
林文豹小兒科診所, 臺中市南屯區大墩路815號1樓, 04-23266518
張文吉小兒科診所, 臺中市南屯區向上南路1段273號1樓, 04-24724988
林新醫療社團法人林新醫院, 臺中市南屯區惠中路3段36號, 04-22586688
劉俊欣耳鼻喉科診所, 臺中市神岡區神岡路88巷12號1樓, 04-25633797
隆安聯合診所, 臺中市新社區新社里興安路32號, 04-25821541
順智診所, 臺中市太平區太平路95號1樓, 04-22772766
國軍台中總醫院附設民眾診療服務處, 臺中市太平區中山路2段348號, 04-23934191
翔新診所, 臺中市十甲東路768～768-3號及東英十七街167-2號1樓, 04-22110707
康祐診所, 臺中市太平區中山路1段220號1樓, 04-23931234
禎宏診所, 臺中市太平區新興路22號1樓, 04-23959209
小朋友小兒科診所, 臺中市大甲區蔣公路二五五號, 04-26802025
自強診所, 臺中市大肚區遊園路二段206號, 04-26914188
林漢銀診所, 臺中市大里區立仁里立新街229號, 04-22779895
江志明內小兒科診所, 臺中市大里區東湖里中興路一段53號, 04-24930233
劉彥昇診所, 臺中市大里區健民路83之7號1樓, 04-24912812
台光診所, 臺中市大雅區民生路一段71號1樓, 04-25674548
青春診所, 臺中市大雅區神林南路197巷55之11號, 04-25653388
卓小兒科診所, 臺中市太平區中興路51－2號, 04-22769879
昆海診所, 臺中市北屯區中清路2段 268號1樓, 04-22925045
張廣智耳鼻喉科診所, 臺中市北屯區中清路二段531號1樓、533號1樓, 04-22924703
安安診所, 臺中市北屯區北屯路299－4號1樓, 04-22304309
文彥診所, 臺中市北屯區昌平路2段8－20號1樓, 04-22425892
寶健聯合門診寶健耳鼻喉科診所, 臺中市北屯區東山路1段216–23號, 04-24369053
芳鄰診所, 臺中市北屯區東山路一段240號一.二樓, 04-24371433
周學儉家庭醫學科診所, 臺中市北區育樂街12號, 04-22317294
秀慧診所, 臺中市北區忠太東路58－12號1樓及夾層, 04-22031830
家昌耳鼻喉科診所, 臺中市北區陜西路62號1樓, 04-22993888
台中家幼診所, 臺中市北區進化北路96號1樓, 04-22315588
佳優診所, 臺中市外埔區甲后路三段1042號1樓, 04-26832807
后里維恩耳鼻喉科診所, 臺中市后里區甲后路1段480號1樓, 04-25586608
后安診所, 臺中市后里區甲后路一段315號1樓, 04-25587800
后里診所, 臺中市后里區墩東村四村路76號, 04-25581125
漢諾威家庭醫學科診所, 臺中市西屯區何安里青海路一段112號1、2樓, 04-23173069
吉安診所, 臺中市西屯區青海路一段65之2號1樓, 04-23135698
鄭煒達診所, 臺中市西區公益路214號1樓及2樓, 04-23235136
超仁診所, 臺中市西區忠明南路373號1樓、2樓, 04-23769118
榮生診所, 臺中市東區合作里力行路80－5號, 04-23609300
梁外科診所, 臺中市東勢區北興里豐勢路611–1號, 04-25872053
東勢朱永泰診所, 臺中市東勢區延平里豐勢路172號, 04-25871700
幼安診所, 臺中市南屯區大墩路263號1、2樓, 04-24751579
寶貝熊小兒科診所, 臺中市南屯區公益路二段362．366號1樓, 04-22517622
董建宗小兒科診所, 臺中市南屯區溝墘里大墩路508號1樓, 04-23203873
林政益小兒科診所, 臺中市神岡區岸裡里中山路33號, 04-25152765
林炳麟診所, 臺中市神岡區神岡里神岡路24號, 04-25610165
林田診所, 臺中市潭子區合作街53號1樓, 04-25380218
佳佑診所, 臺中市潭子區勝利路319號1樓, 04-25336888
普霖小兒科診所, 臺中市潭子區福仁里復興路1段55號, 04-25391159
賴淵聖小兒科診所, 臺中市潭子區福潭路508號1樓, 04-25389096
人愛診所, 臺中市潭子區潭陽里潭興路二段394號, 04-25368299
潭興診所, 臺中市潭子區潭興路二段460號1樓, 04-25362225
同仁診所, 臺中市豐原區頂街里博愛街27號, 04-25222239
林內小兒科診所, 臺中市豐原區富春里中正路247號, 04-25238638
林秋能小兒科診所, 臺中市豐原區豐西里中山路437號, 04-25268575
陳炎山家庭醫學科診所, 臺中市霧峰區中正路1110號1樓, 04-23391100
祐生診所, 臺中市大里區東興里東明路231號, 04-24814981
陳台祝診所, 臺中市大雅區學府路171號, 04-25680299
徐長庚診所, 臺中市北屯區三光里北屯路212巷8號, 04-22313168
光恒診所, 臺中市北區五權路261號1樓, 04-22068638
林燄小兒科診所, 臺中市北區育德里健行路659號, 04-22050512
中國醫藥大學兒童醫院, 臺中市北區育德路1號、學士路95號、學士路2號, 04-22052121
蕭天讚小兒科診所, 臺中市后里區甲后路一段589號1樓, 04-25584352
賴永章小兒科診所, 臺中市西區大全街41號, 04-23714599
周家齊診所, 臺中市西區公正里向上路1段508號1–2樓, 04-23266611
中國醫藥大學附設醫院台中東區分院, 臺中市東區自由路3段296號, 04-22121058
華幼診所, 臺中市東區進化路211號1樓, 04-23600099
游振國小兒科診所, 臺中市潭子區甘蔗里雅潭路一段165號, 04-25321233
泰昌診所, 臺中市潭子區頭家里頭張路一段88號, 04-25329061
中國醫藥大學附設醫院豐原分院, 臺中市豐原區中正路199號, 04-25222538
豐壽診所, 臺中市豐原區西安里圓環南路156號, 04-25243947
長庚黃啟昌診所, 臺中市豐原區頂街里中正路289號, 04-25287928
蔣小兒科診所, 臺中市豐原區富春里中正路253號, 04-25222022
羅邦倚診所, 臺中市大里區中興路二段202－3號1樓, 04-24852000
楊鴻興診所, 臺中市大里區東湖里中興路一段109－7號, 04-24929969
蔡政益小兒科診所, 臺中市大里區新里里益民路2段169號, 04-24870721
仁愛醫療財團法人台中仁愛醫院, 臺中市中區柳岸里柳川東路三段36號, 04-22255450
瑞銘小兒科診所, 臺中市南區工學路140號1樓、142號1樓, 04-22652116
穎眾兒科診所, 臺中市南區東興路1段7號1樓, 04-22603549
陳鉉煒小兒科診所, 臺中市南區臺中路156號1樓.156之1號1樓, 04-22861566
正安家庭醫學科診所, 臺中市南區樹義里高工路91號, 04-22637502
小博仕診所, 臺中市大里區大明路302號, 04-24876666
陳建利診所, 臺中市大里區成功路385號1、2樓及387號1樓, 04-24935145
曙光小兒科診所, 臺中市西區五權西三街81號1樓, 04-23758822
薛凱中診所, 臺中市南屯區大墩路383號1樓, 04-24716898
臺中市東區衛生所, 臺中市東區信義街142號, 04-22834121
臺中市南區衛生所, 臺中市南區工學路72號2樓, 04-22629735
香光小兒科診所, 臺中市大里區內新里中興路二段392－1號, 04-24825105
德翔診所, 臺中市南區工學路46號1樓, 04-22639708
天仁小兒科診所, 臺中市霧峰區中正路967號1樓、969號1樓, 04-23336678
陳德義小兒科診所, 臺中市南區美村南路147號1樓, 04-22650913
新亞東婦產科醫院, 臺中市北區中清路1段403號、407號1樓, 04-22075779
明道小兒科診所, 臺中市南屯區田心里向心南路933號, 04-23845795
吳榮峰小兒科診所, 臺中市西區公益路252號, 04-23108006
臺中市和平區梨山衛生所, 臺中市和平區中正路12號1樓、68號1樓, 04-25989540
賴東昇小兒科診所, 臺中市南屯區大業路93號1樓, 04-23280188
佳鴻診所, 臺中市南屯區文心南2路229號1樓, 04-24739868
華生診所, 臺中市南屯區黎明路二段496號, 04-22556622
陳豐霖診所, 臺中市南區三民西路375號1樓, 04-23785338
白耳鼻喉科診所, 臺中市南區學府路152號1樓, 04-22220600
林新醫療社團法人烏日林新醫院, 臺中市烏日區榮和路168號, 04-23388766
陳祥雪小兒科診所, 臺中市大里區西榮里新生西路42號, 04-24850052
丁鴻志婦產科診所, 臺中市西區臺灣大道2段181號3樓, 04-23207082
施勝桓小兒科診所, 臺中市南屯區黎明路2段286號1-2樓, 04-22581985
鄭昭弘診所, 臺中市烏日區溪南路1段409號, 04-23352721
何孟哲診所, 臺中市潭子區甘蔗里勝利路273號, 04-25359173
祐強診所, 臺中市南區工學路128號1、2樓, 04-22617128
張家強診所, 臺中市南屯區三厝里黎明路二段490號一樓, 04-22591683
葉晉榮診所, 臺中市南屯區文山里忠勇路70–9號, 04-23869209
新菩提醫院, 臺中市大里區中興路2段621號, 04-24829966
茂盛醫院, 臺中市北屯區昌平路一段30－6號（1樓至4樓）, 04-22347057
新陽明診所, 臺中市北區五權路232號1、2、3、4樓, 04-22027000
阮春閔小兒科診所, 臺中市西區南屯路1段148號1Ｆ, 04-23757456
蔡忠廷診所, 臺中市南屯區田心里南屯路二段183號, 04-24723616
親子診所, 臺中市南屯區南屯里黎明路一段1091號, 04-23862626
台新醫院, 臺中市東區東信里振興路439－3號及441號, 04-22139966
辛隆士家庭醫學科診所, 臺中市西屯區東興路3段369號1、2樓, 04-23284798
育民診所, 臺中市東區臺中路73號1樓, 04-22290505
淵元兒科診所, 臺中市南區南屯路一段271號1樓, 04-23755460
恆宇診所, 臺中市南區國光路241號1樓, 04-22872877
沈宗憲診所, 臺中市大里區日新里中興路2段712號, 04-24837655
大里陳內小兒科診所, 臺中市大里區西榮里大里路19號, 04-24835484
顧耳鼻喉科診所, 臺中市大里區塗城路532號1樓, 04-24966988
長頸鹿小兒科診所, 臺中市東勢區豐勢路418號1、2、3樓及420號1、2樓, 04-25771809
施英富婦產科診所, 臺中市西區公正里東興路3段226．228．230號1．2樓, 04-23293176
盛鴻診所, 臺中市南區永興里美村南路199號1樓, 04-22603552
忠勇診所, 臺中市南屯區忠勇路67之3號1樓、2樓, 04-23826625
王欽耀診所, 臺中市南屯區春社里忠勇路43－2號1、2樓, 04-23832245
烏日澄清醫院, 臺中市烏日區前竹里光明路419號, 04-23376232
慶燿診所, 臺中市南區國光路241號1樓, 04-22872877
謝煌德小兒科診所, 臺中市霧峰區中正路988號1樓, 04-23314766
東勢區農會附設農民醫院, 臺中市東勢區南平里豐勢路297號, 04-25771919
臺安醫院, 臺中市東區進化路203號, 04-23602000
友仁醫院, 臺中市南屯區五權西路2段197號, 04-24739995
邢志宇耳鼻喉科診所, 臺中市南屯區南屯路二段252號1樓、2樓, 04-24735806
仁欣診所, 臺中市南屯區黎明東街229號1樓, 04-23803265
李啟澤診所, 臺中市南區永興里高工路258號1樓, 04-22621960
清泉醫院, 臺中市大雅區三和里雅潭路四段80號, 04-25605600
呂維國婦產科診所, 臺中市豐原區中正路346號及348號1－4樓, 04-25262889
李文軒耳鼻喉科診所, 臺中市大里區益民路二段271號, 04-24872898
博幼耳鼻喉科小兒科診所, 臺中市南屯區公益路二段一八一號一、二樓, 04-23270610
蘇德慶診所, 臺中市南屯區同心里東興路2段57號1樓, 04-24717572
林忠立診所, 臺中市南區和平里美村南路58．60號1樓, 04-22619948
陳豪江診所, 臺中市南區復興路2段98號、100號1樓, 04-22622132
德昌小兒科診所, 臺中市烏日區中山路一段335號1樓, 04-23372686
施建成診所, 臺中市烏日區仁德里中山路一段455號, 04-23363590
佳康診所, 臺中市烏日區溪南路一段562號1樓, 04-23353332
建志耳鼻喉科診所, 臺中市太平區中興路110號1樓, 04-22766899
賢德醫院, 臺中市太平區宜昌路420號, 04-22732551
曜廷診所, 臺中市西區中興里向上北路166號, 04-23012428
美麗兒小兒科診所, 臺中市西區向上路1段246號1樓, 04-23010333
康貝兒小兒科診所, 臺中市西區向上路1段553號1樓, 04-24720515
媽媽咪亞診所, 臺中市南屯區公益路二段60號1樓, 04-23190707
周省村診所, 臺中市南屯區東興路二段42號1樓, 04-24723316
郭品君診所, 臺中市南屯區南屯里黎明路一段1059，1061號, 04-23817333
長春診所, 臺中市西區臺灣大道二段501號3樓之1、3樓之2, 04-23286916
聖心診所, 臺中市大里區東榮路350號1樓, 04-24872100
林俊彥小兒科診所, 臺中市南屯區黎明路一段229號1樓, 04-24702058
中山醫學大學附設醫院中興分院, 臺中市南區復興路2段11號, 04-22621652
明陽小兒科診所, 臺中市烏日區中山路一段359號, 04-23361483
宏恩醫院, 臺中市南區和平里復興路二段38－13號, 04-22623123
中山醫學大學附設醫院, 臺中市南區建國北路一段110號, 04-24739595
仁愛醫療財團法人大里仁愛醫院, 臺中市大里區東榮路483號, 04-24819900
李綜合醫療社團法人大甲李綜合醫院, 臺中市大甲區八德街2號, 04-26862288
長安醫院, 臺中市太平區永平路1段9號, 04-36113611
光田醫療社團法人光田綜合醫院, 臺中市沙鹿區沙田路117號, 04-26625111
東山家庭醫學科診所, 臺中市北屯區東山路1段308號1樓, 04-24378500
全信賴診所, 臺中市大甲區甲后路5段267號1樓、2樓, 04-26762248
臺中市大安區衛生所, 臺中市大安區中山南路333號, 04-26713681
悅安診所, 臺中市大里區大里路40號1樓, 04-24838287
廖正雄小兒科診所, 臺中市大里區中興路一段167號1樓, 04-24938497
永蘊豐禾診所, 臺中市大里區中興路二段111－2號1樓、1樓夾層, 04-24830510
台安診所, 臺中市大里區立仁路97號1樓, 04-22754666
王金星診所, 臺中市大里區西榮里中興路2段159－1號, 04-24839981
福生診所, 臺中市大里區東湖里中興路一段227號, 04-24939691
祥全診所, 臺中市大里區金城里中興路一段320號, 04-24922100
李良小兒科診所, 臺中市大里區益民路2段119號, 04-24810998
大嘉診所, 臺中市大里區塗城路521號, 04-24925776
黃名正小兒科診所, 臺中市大雅區大雅里學府路219號, 04-25672053
張內兒科診所, 臺中市大雅區大雅里學府路290號, 04-25663167
長榮耳鼻喉科診所, 臺中市大雅區雅潭路四段822號1樓, 04-25669988
得康診所, 臺中市大雅區學府路227號, 04-25609961
鍾榮輝診所, 臺中市中區建國里建國路222–1號, 04-22235326
幼康小兒科診所, 臺中市太平區中山路3段139號1樓, 04-22738885
黃金賢診所, 臺中市太平區中山路4段32號, 04-23954201
厚生診所, 臺中市太平區中山路一段319號1樓, 04-23933999
仁宏診所, 臺中市太平區太平里太平路587號, 04-22759241
恆欣小兒科診所, 臺中市太平區新平路一段108號1樓, 04-22737419
樹德兒科診所, 臺中市太平區新興路48號1樓, 04-23952035
家宜診所, 臺中市太平區樹孝路506號1樓, 04-23937373
誠光耳鼻喉科診所, 臺中市北屯區北屯路222號1、2樓, 04-22335220
陳弘榮診所, 臺中市北屯區平和里昌平路一段340號, 04-22445527
洪勝雄診所, 臺中市北屯區平和里綏遠路二段261號, 04-22416722
台中市北屯區四民衛生所, 臺中市北屯區后庄路1062號, 04-24211945
林子巡診所, 臺中市北屯區松竹路2段667號1樓, 04-22413636
李彥德耳鼻喉科診所, 臺中市北屯區軍功路1段732號1、2樓, 04-24373125
王鼎堯兒科診所, 臺中市北屯區軍功路一段509－1號1、2樓、511號1樓, 04-24378437
臺中市北屯區軍功衛生所, 臺中市北屯區軍功路二段16號, 04-22393932
張安地小兒科診所, 臺中市北屯區崇德十二路五九八號, 04-24228100
翔霖診所, 臺中市北屯區崇德路二段452號1樓, 04-22410725
鎧緯耳鼻喉科診所, 臺中市北屯區景賢路276號1、2、3樓, 04-24369187
大源診所, 臺中市北屯區興安路一段335號, 04-22415463
輝佑診所, 臺中市北屯區環太東路470號1樓, 04-23935252
陳憲章婦產科診所, 臺中市北區中清路1段 219號1樓, 04-22054022
劉正元診所, 臺中市北區陜西路105號1樓、2樓, 04-22910070
雅得麗生活診所, 臺中市北區健行路870號1樓, 04-22011233
蘇振源內科小兒科診所, 臺中市北區頂厝里崇德路一段575號, 04-22354727
江坤燦小兒科診所, 臺中市北區頂厝里進化北路118巷51．53號1樓, 04-22339598
黃婦產科診所, 臺中市北區遠志里民族路248號, 04-22210801
林健家庭醫學科診所, 臺中市北區錦祥里進化路643號, 04-22323010
光仁診所, 臺中市后里區三豐路4段17號1樓, 04-25562501
甲后莊醫師診所, 臺中市后里區甲后路一段480號1樓, 04-25586608
后里張婦產外科診所, 臺中市后里區甲后路一段531號1樓、2樓, 04-25560555
臺中市后里區衛生所, 臺中市后里區墩西里公安路86號, 04-25562048
陳亮宇耳鼻喉科診所, 臺中市西屯區大墩路995號1樓、2樓, 04-23203888
台宏診所, 臺中市西屯區文華路189號1樓, 04-27028049
幼光診所, 臺中市西屯區玉門路478號1樓, 04-24615033
三和診所, 臺中市西屯區甘肅路1段78號1樓、80號1樓, 04-23157982
翁哲寬小兒科診所, 臺中市西屯區甘肅路一段13號, 04-23141832
廖光毅診所, 臺中市西屯區何德里西屯路二段90－18號, 04-23147317
祥葳兒科診所, 臺中市西屯區青海路二段240之8號1樓, 04-27000132
丞右診所, 臺中市西屯區華美西街二段351號1樓, 04-23160001
蘇家龍診所, 臺中市西屯區黎明路三段421號1、2樓, 04-27085151
杏顏診所, 臺中市西區五權三街57號1樓, 04-23725022
國源診所, 臺中市西區台灣大道2段130號1樓, 04-22037945
徐小兒科診所, 臺中市西區忠誠里華美西街一段206－1號, 04-23134151
艾美診所, 臺中市西區東興路三段156之5號1樓, 04-23290200
高小兒科診所, 臺中市西區美村路1段565號1樓, 04-23724465
醫世紀診所, 臺中市西區美村路一段795號1樓, 04-23720286
朝安診所, 臺中市沙鹿區鎮南路二段50號1樓, 04-26337172
豊府診所, 臺中市東區旱溪東路一段293號1樓, 04-22126228
立仁診所, 臺中市東區建成路775號1樓, 04-22816168
楊外科婦產科診所, 臺中市東區祖聖里進化路96號, 04-22124274
陳國華小兒科診所, 臺中市東區進化路218之1號, 04-23601245
劉內小兒科診所, 臺中市東勢區中寧里豐勢路506號, 04-25877016
建民聯合診所, 臺中市東勢區延平里豐勢路262號, 04-25873995
慶恩內皮膚科診所, 臺中市東勢區東安里豐勢路417號, 04-25879589
湯瑪仕小兒科診所, 臺中市東勢區豐勢路445號1樓, 04-25772366
張益從小兒科診所, 臺中市南屯區大同里南屯路二段121號, 04-24758011
大容診所, 臺中市南屯區大容東街14號1、2樓, 04-23288521
敬康耳鼻喉科診所, 臺中市南屯區大業路229號1樓, 04-23282070
林勝輝診所, 臺中市南屯區大墩17街113號, 04-23272446
沛泳診所, 臺中市南屯區文心南三路667號1、2樓, 04-23807861
汝安診所, 臺中市南屯區水安街3號1、2樓, 04-22513310
小熊小兒科診所, 臺中市南屯區向上南路1段179號1樓, 04-24759999
宏凱診所, 臺中市南屯區忠勇路79之3號1樓, 04-23802778
臺中市愛心家園附設醫務室, 臺中市南屯區東興路1段450號2樓, 04-24713535
誠心兒科診所, 臺中市南屯區東興路二段33號1、2樓, 04-24719001
偉宏診所, 臺中市南屯區南屯里黎明路一段1110號, 04-23827629
汪小兒科診所, 臺中市南屯區黎明路二段15號1樓, 04-23811388
祥威黎明耳鼻喉科兒科診所, 臺中市南屯區黎明路二段446號1樓及夾層, 04-22541898
邦仁內兒科診所, 臺中市南區江川里建成路1691號, 04-22870910
洪金三診所, 臺中市南區和平里復興路二段68號, 04-22618600
南平診所, 臺中市南區南平路167號1樓, 04-22630192
宏美德生診所, 臺中市南區柳川東路一段99號、100號2樓, 04-23718383
永佳診所, 臺中市南區美村路二段156號1、2樓, 04-22655226
張肇烜診所, 臺中市南區高工路395號1樓, 04-22659556
芳世內科小兒科診所, 臺中市南區萬安里國光路71號, 04-22203099
李榮龍內科診所, 臺中市南區臺中路518號, 04-22875252
順馨診所, 臺中市烏日區中山路二段297號1樓, 04-23360115
臺中市神岡區衛生所, 臺中市神岡區神岡里神岡路2號, 04-25622792
紀小兒科內科診所, 臺中市清水區西寧里中興街66號, 04-26228596
林大詠診所, 臺中市潭子區潭子街二段110號1樓, 04-25361915
潭子謝小兒科內科診所, 臺中市潭子區潭秀里中山路二段384號, 04-25339664
林診所, 臺中市龍井區南寮里遊園南路450巷56號, 04-26316743
禾安診所, 臺中市豐原區永康路312號1樓, 04-25231588
豐原吳外婦科診所, 臺中市豐原區南陽里圓環東路391號, 04-25263760
心琳診所, 臺中市豐原區新生北路206號1樓, 04-25226977
敏祥診所, 臺中市豐原區源豐路55號1樓, 04-25225149
汪小兒科診所, 臺中市豐原區豐西里忠孝街105巷41號, 04-25122247
楊啟坤耳鼻喉科診所, 臺中市豐原區豐東路16號1樓, 04-25279800
晨欣親子診所, 臺中市豐原區豐東路83號1樓、2樓, 04-25256525